#GRM32ER71E226KE15,,,#GRM32ER71E226KE15,,,#GRM32ER71E226KE15,,,
#2026/09/12,,,#2026/09/12,,,#2026/09/12,,,
#c_dcbias_capchange_cap,,,#r,,,#z,,,
#capchange  25.0degC  AC0.5Vrms,,,#DC3.3V 25degC,,,#DC3.3V 25degC,,,
DC Bias[V],Cap. Change Rate[%],Cap. Change Rate[%],Frequency[Hz],Resistance[ohm],,Frequency[Hz],Impedance[ohm],,
0.0,0.0,23.830333333333332,99.99999999999999,2.193693341974461,,99.99999999999999,97.12441311978368,,
0.125,0.58022516747116,23.9686029248256,104.57921513303334,2.1014323606420886,,104.57921513303334,92.9242904145339,,
0.25,1.1086493770712913,24.094528175387346,109.3681223784127,2.0143523428409655,,109.3681223784127,88.90613466545932,,
0.375,1.580166881581202,24.20689236843707,114.37632398907938,1.9320639413324068,,114.37632398907938,85.06221490795757,,
0.5,1.990530946874336,24.30468349307664,119.61386192579457,1.8541903111491207,,119.61386192579457,81.38510577590293,,
0.625,2.336298974953399,24.387081166727977,125.09123799230618,1.7803696265213147,,125.09123799230618,77.86767566469749,,
0.75,2.6147797235758885,24.453444057393877,130.8194348925486,1.710257205093418,,130.8194348925486,74.50307554599374,,
0.875,2.8239819558579793,24.503297646687475,136.8099382520969,1.6435272799703005,,136.8099382520969,71.28472838629098,,
1.0,2.962564112748045,24.5363222366149,143.0747596480305,1.5798744541196754,,143.0747596480305,68.2063191313282,,
1.125,3.0297847980731207,24.552341149996817,149.6264606933842,1.519014864592084,,149.6264606933842,65.26178522525461,,
1.25,3.025454012032802,24.551309109247455,156.47817822447783,1.460687076514315,,156.47817822447783,62.44530763796601,,
1.375,2.9498851742191246,24.533300803300328,163.643650641628,1.4046527194513159,,163.643650641628,59.7513023758589,,
1.5,2.8038480494719353,24.49849966968266,171.13724545605763,1.3506968720822476,,171.13724545605763,57.17441245079535,,
1.625,2.588522735622778,24.447186929641358,178.97398809823787,1.2986281957198094,,178.97398809823787,54.70950027961088,,
1.75,2.305454897027648,24.379730920144677,187.1695920454257,1.2482788134754637,,187.1695920454257,52.3516404824808,,
1.875,1.956512436152802,24.296576768576664,195.74049032880657,1.1995039301991879,,195.74049032880657,50.09611304343682,,
2.0,1.5438437914466085,24.198236454981032,204.70386848341695,1.1521811889308788,,204.70386848341695,47.93839679092806,,
2.125,1.069838036248072,24.085279303498034,214.07769900691426,1.1062097625614848,,214.07769900691426,45.874163151251146,,
2.25,0.5370869335050488,23.958322939877363,223.88077739628844,1.0615091845901823,,223.88077739628844,43.89927012363204,,
2.375,-0.051650923369472856,23.818024746124642,234.132759834772,1.018017929956005,,234.132759834772,42.00975642338901,,
2.5,-0.6934837801014115,23.665073836922563,244.85420260451446,0.9756917653962636,,244.85420260451446,40.201835739481346,,
2.625,-1.3854181263248444,23.5001835757697,256.06660330404856,0.9345018979509808,,256.06660330404856,38.471891055217256,,
2.75,-2.124387788101567,23.3240846421361,267.79244395319193,0.8944329592949759,,267.79244395319193,36.81646898609667,,
2.875,-2.9072806877957325,23.13751865449598,280.0552360718164,0.8554808716952926,,280.0552360718164,35.23227409657449,,
3.0,-3.730963276151855,22.941232348082092,292.87956782286926,0.8176506477710743,,292.87956782286926,33.71616316756328,,
3.125,-4.592302664570946,22.735972300690527,306.2911533141767,0.780954180213573,,306.2911533141767,32.26513939813723,,
3.25,-5.488186506209491,22.52248019494859,320.3168841578819,0.7454080787539343,,320.3168841578819,30.87634653735488,,
3.375,-6.415540692537913,22.301488601165904,334.9848833909005,0.7110316097511092,,334.9848833909005,29.547062954509563,,
3.5,-7.371344947275293,22.073717261247804,350.32456186451077,0.6778447888992909,,350.32456186451077,28.27469566755671,,
3.625,-8.352646412145981,21.839869851164238,366.36667721614316,0.6458666700782123,,366.36667721614316,27.056774359176142,,
3.75,-9.356571328900387,21.600631197085274,383.1433955416162,0.6151138638670443,,383.1433955416162,25.89094541728877,,
3.875,-10.380334929535328,21.35666491850863,400.6883558914757,0.5855993084435197,,400.6883558914757,24.774966041482955,,
4.0,-11.421249651784892,21.108611470480817,419.03673772076064,0.5573313042919454,,419.03673772076064,23.70669845858285,,
4.125,-12.476731800170015,20.857086556246816,438.22533142743896,0.5303128131284037,,438.22533142743896,22.68410428963009,,
4.25,-13.544306774050096,20.602679881387946,458.2926121209498,0.5045410114081128,,458.2926121209498,21.705239107173302,,
4.375,-14.621612983815224,20.345954220580214,479.2788167687661,0.4800070802491478,,479.2788167687661,20.768247216454707,,
4.5,-15.70640457455632,20.087444768534645,501.22602487566456,0.45669620694841356,,501.22602487566456,19.871356687419556,,
4.625,-16.796553073529232,19.82765874740107,524.1782428574726,0.4345877686499182,,524.1782428574726,19.012874657054287,,
4.75,-17.890048073835086,19.56707524384485,548.1814922784702,0.4136556661456923,,548.1814922784702,18.191182913949177,,
4.875,-18.984997061934184,19.306145250150877,573.2839021293738,0.3938687750933537,,573.2839021293738,17.404733769672053,,
5.0,-20.07962449130386,19.045291884973985,599.5358053309263,0.37519148286000037,,599.5358053309263,16.65204621491891,,
5.125,-21.172270198673115,18.784910770755534,626.9898396565933,0.35758428142301024,,626.9898396565933,15.931702352742564,,
5.25,-22.261387253249364,18.52537054625983,655.7010532767296,0.34100438992098636,,655.7010532767296,15.242344096607415,,
5.375,-23.34553932297636,18.267013494203656,685.7270151358366,0.3254063842065993,,685.7270151358366,14.582670117627297,,
5.5,-24.423397635543243,18.010156265457926,717.1279303842347,0.3107428147931189,,717.1279303842347,13.951433023079716,,
5.625,-25.493737605565194,17.755090682801796,749.9667610955984,0.2969647986429954,,749.9667610955984,13.347436747057996,,
5.75,-26.555435193052467,17.502084608711616,784.3093525124082,0.28402257411020626,,784.3093525124082,12.769534133784502,,
5.875,-27.60746305231213,17.25138286309051,820.224565072452,0.27186601186651993,,820.224565072452,12.216624694505015,,
6.0,-28.648886524502124,17.00320817825606,857.7844124811066,0.26044507771657954,,857.7844124811066,11.68765251985126,,
6.125,-29.678859521579525,16.75776217980919,897.0642061062426,0.24971024578500914,,897.0642061062426,11.1816043309391,,
6.25,-30.696620343975145,16.51522638329624,938.142705985285,0.2396128626250859,,938.142705985285,10.69750765412006,,
6.375,-31.701487469470745,16.275763197733557,981.1022787472119,0.23010546436542803,,981.1022787472119,10.234429106100047,,
6.5,-32.692855346027414,16.039516928190512,1026.0290627661395,0.2211420501105851,,1026.0290627661395,9.791472777978859,,
6.625,-33.67019021696449,15.806614770663305,1073.0131408776467,0.21267831548813848,,1073.0131408776467,9.367778708562692,,
6.75,-34.63302600300621,15.577167793396944,1122.1487210041523,0.20467185054011816,,1122.1487210041523,8.962521438995394,,
6.875,-35.580960261924425,15.35127189971587,1173.5343250515148,0.1970823061447011,,1173.5343250515148,8.574908642292764,,
7.0,-36.51365024321975,15.129008768206587,1227.2729864556143,0.18987153287993017,,1227.2729864556143,8.204179822709674,,
7.125,-37.43080905225117,14.910446766818371,1283.4724567750195,0.18300369575870104,,1283.4724567750195,7.84960508099712,,
7.25,-38.33220193543191,14.695641838113458,1342.245421743976,0.17644536762654595,,1342.245421743976,7.510483942495308,,
7.375,-39.21764269570511,14.484638353471151,1403.7097272189235,0.17016560327332325,,1403.7097272189235,7.1861442456496745,,
7.5,-40.08699024526246,14.277469934586469,1467.9886154715934,0.16413599551926797,,1467.9886154715934,6.875941088924419,,
7.625,-40.94014530055772,14.074160241059426,1535.2109723024755,0.15833071374771038,,1535.2109723024755,6.579255834227157,,
7.75,-41.77704722290514,13.874723723290963,1605.5115854701385,0.15272652462411465,,1605.5115854701385,6.295495164860705,,
7.875,-42.59767100650509,13.67916634024648,1679.031414954591,0.14730279411601313,,1679.031414954591,6.024090195706663,,
8.0,-43.4020244143669,13.487486241974985,1755.9178755965756,0.14204146946026544,,1755.9178755965756,5.764495632855526,,
8.125,-44.190145261515,13.299674417030102,1836.3251326795319,0.13692703945647686,,1836.3251326795319,5.516188979275116,,
8.25,-44.96209884388491,13.115715305172746,1920.4144110468878,0.13194647143248706,,1920.4144110468878,5.2786697824130595,,
8.375,-45.71797551049321,12.935587375931098,2008.3543183744998,0.12708912345010595,,2008.3543183744998,5.051458918927051,,
8.5,-46.4578883758028,12.759263673751605,2100.3211832464335,0.12234663079958125,,2100.3211832464335,4.834097911104266,,
8.625,-47.181971168634874,12.586712330610412,2196.4994087119585,0.11771276655177657,,2196.4994087119585,4.626148269043428,,
8.75,-47.89037621351782,12.417897047064658,2297.081842032684,0.11318327685770646,,2297.081842032684,4.427190852399289,,
8.875,-48.58327254003281,12.252777542801715,2402.270161361206,0.10875569274455348,,2402.270161361206,4.236825245486173,,
9.0,-49.26084411540479,12.091309977818653,2512.2752801266033,0.10442912127645416,,2512.2752801266033,4.054669139839889,,
9.125,-49.92328819546314,11.933447345393816,2627.3177699376165,0.1002040200364206,,2627.3177699376165,3.88035771895687,,
9.25,-50.5708137888526,11.779139838070462,2747.628302851474,0.09608195984874222,,2747.628302851474,3.713543040845195,,
9.375,-51.20364022942887,11.628335187859669,2873.448113895156,0.0920653814114313,,2873.448113895156,3.553893415187202,,
9.5,-51.82199585164224,11.480978981900815,3005.0294847665045,0.08815735197402563,,3005.0294847665045,3.4010927732532306,,
9.625,-52.42611676378386,11.337014954801093,3142.6362496850466,0.08436132832977297,,3142.6362496850466,3.25484003012891,,
9.75,-53.01624571401516,11.196385258864472,3286.544324406816,0.08068093217499671,,3286.544324406816,3.1148484402230716,,
9.875,-53.59263104416583,11.059030713405134,3437.0422594639017,0.07711974333604149,,3437.0422594639017,2.980844948310442,,
10.0,-54.15552572639331,10.924891034314719,3594.431818738024,0.07368111551913481,,3594.431818738024,2.8525695394453656,,
10.125,-54.70518647794018,10.793905045018592,3759.028584528241,0.07036801816864355,,3759.028584528241,2.729774591893257,,
10.25,-55.241872949356775,10.666010869925115,3931.162590326006,0.06718290680861747,,3931.162590326006,2.612224237724952,,
10.375,-55.765846981692015,10.54114611143952,4111.17898256636,0.06412762298194612,,4111.17898256636,2.499693735894301,,
10.5,-56.27737192836566,10.419248011564036,4299.438712682124,0.06120332367877305,,4299.438712682124,2.3919688624872038,,
10.625,-56.77671203754271,10.300253599080113,4496.31926084876,0.05841043903766967,,4496.31926084876,2.2888453224299403,,
10.75,-57.26413189107134,10.184099823251394,4702.215392871039,0.05574865616884487,,4702.215392871039,2.1901281863324473,,
10.875,-57.73989589617465,10.070723674955257,4917.539951729213,0.05321692622700541,,4917.539951729213,2.0956313553833943,,
11.0,-58.204267826279036,9.960062296104951,5142.724685371758,0.05081349136969803,,5142.724685371758,2.005177056376496,,
11.125,-58.65751040755842,9.852053078177468,5378.221112414542,0.04853592797270762,,5378.221112414542,1.9185953680943482,,
11.25,-59.099884947907725,9.746633750630432,5624.501427482223,0.04638120241883651,,5624.501427482223,1.8357237794621208,,
11.375,-59.53165100529252,9.64374245993544,5882.059448007166,0.044345735899905564,,5882.059448007166,1.7564067791502957,,
11.5,-59.95306609250084,9.543317839936742,6151.41160438433,0.042425474936882444,,6151.41160438433,1.6804954756827504,,
11.625,-60.36438541560305,9.445299074177072,6433.097975467465,0.04061596468988374,,6433.097975467465,1.607847246609584,,
11.75,-60.765861643456546,9.349625950825494,6727.68337148293,0.038912422559782896,,6727.68337148293,1.5383254149379488,,
11.875,-61.15774470587474,9.256238910774362,7035.758466532444,0.03730981004149775,,7035.758466532444,1.4717989507739573,,
12.0,-61.54028161810016,9.165079089468005,7357.940982955574,0.03580290124654037,,7357.940982955574,1.4081421960030793,,
12.125,-61.91371632949221,9.076088352960907,7694.876929926739,0.034386346946264745,,7694.876929926739,1.347234609809538,,
12.25,-62.27828959434641,8.989209328701934,8047.241898770236,0.03305473338106205,,8047.241898770236,1.2889605328888865,,
12.375,-62.63423886300272,8.904385431483572,8415.742417590522,0.03180263542405507,,8415.742417590522,1.2332089683240905,,
12.5,-62.98179819145271,8.821560884982846,8801.117367933934,0.030624663975239046,,8801.117367933934,1.1798733772562537,,
12.625,-63.321198167810735,8.740680739283476,9204.139466322391,0.029515507692161373,,9204.139466322391,1.1288514876711546,,
12.75,-63.65266585409319,8.66169088475008,9625.616813629718,0.028469969337799723,,9625.616813629718,1.0800451148282724,,
12.875,-63.976424741894036,8.584538062590845,10066.394515407255,0.027482997149031893,,10066.394515407255,1.0333599920690046,,
13.0,-64.2926947206127,8.509169872428922,10527.356376407623,0.026549711704986805,,10527.356376407623,0.9887056109462092,,
13.125,-64.60169205699559,8.435534777177761,11009.42667270443,0.02566542880926425,,11009.42667270443,0.945995069811308,,
13.25,-64.90362938484604,8.363582105493238,11513.572004961123,0.02482567889933311,,11513.572004961123,0.9051449301726038,,
13.375,-65.19871570383775,8.293262052056452,12040.803236564994,0.024026223466125575,,12040.803236564994,0.8660750802953329,,
13.5,-65.48715638643665,8.22452567592419,12592.177520512547,0.02326306891249165,,12592.177520512547,0.8287086056473985,,
13.625,-65.76915319202209,8.157324897163829,13168.800419110281,0.02253247820614207,,13168.800419110281,0.7929716659026115,,
13.75,-66.04490428736472,8.091612491973361,13771.828120741138,0.02183098059623524,,13771.828120741138,0.7587933782940501,,
13.875,-66.31460427267591,8.027342086473753,14402.469758141457,0.021155379568115765,,14402.469758141457,0.7261057071629876,,
14.0,-66.57844421251671,7.964468149343224,15061.989832836824,0.020502759113258714,,15061.989832836824,0.6948433595733905,,
14.125,-66.83661167089497,7.90294598345349,15751.710750598017,0.019870488296772338,,15751.710750598017,0.6649436868587167,,
14.25,-67.08929074994016,7.842731716653426,16473.01547300104,0.01925622401859723,,16473.01547300104,0.6363465919381086,,
14.375,-67.33666213161251,7.783782291829634,17227.35029040763,0.01865791179259666,,17227.35029040763,0.6089944421857181,,
14.5,-67.57890312191377,7.726055456370875,18016.227721926643,0.01807378431565342,,18016.227721926643,0.5828319875637924,,
14.625,-67.81618769713707,7.6695097511465775,18841.229548170857,0.01750235757168881,,18841.229548170857,0.5578062836429036,,
14.75,-68.04868655172642,7.614104499101752,19704.009982890246,0.016942424217170526,,19704.009982890246,0.5338666190382497,,
14.875,-68.27656714733743,7.5597997935656664,20606.298989841154,0.016393044027561032,,20606.298989841154,0.5109644466975424,,
15.0,-68.49999376278278,7.506556486349654,21549.905751542057,0.015853531248572812,,21549.905751542057,0.4890533183926478,,
15.125,-68.7191275444698,7.454336175727699,22536.722296871103,0.015323438789837543,,22536.722296871103,0.4680888217029848,,
15.25,-68.93412655710307,7.4031011943538125,23568.72729477912,0.014802539316765896,,23568.72729477912,0.4480285187421092,,
15.375,-69.14514583433062,7.352814597192899,24647.99002172501,0.014290803431465113,,24647.99002172501,0.4288318858767287,,
15.5,-69.35233742913461,7.30344014951246,25776.674510788394,0.013788375275886385,,25776.674510788394,0.41046025372386385,,
15.625,-69.55585046370157,7.2549423149983685,26957.04389077916,0.013295546028736949,,26957.04389077916,0.3928767467880443,,
15.75,-69.75583117863164,7.207286244028152,28191.464924044165,0.012812725890526042,,28191.464924044165,0.376046222213827,,
15.875,-69.95242298125238,7.160437762157619,29482.412752069788,0.0123404152475814,,29482.412752069788,0.35993520727335326,,
16.0,-70.1457664929501,7.114363358841682,30832.47585839592,0.011879175767072588,,30832.47585839592,0.34451183537497515,,
16.125,-70.33599959530221,7.069030176440831,32244.361258792436,0.011429602195059948,,32244.361258792436,0.3297457805555471,,
16.25,-70.52325747497366,7.024405999522192,33720.899929105,0.010992295606055075,,33720.899929105,0.3156081905933304,,
16.375,-70.70767266719915,6.98045924449755,35265.052481653605,0.010567838787137046,,35265.052481653605,0.3020716190380909,,
16.5,-70.88937509781297,6.937158949607508,36879.915101565646,0.010156774337619147,,36879.915101565646,0.28910995658913863,,
16.625,-71.06849212371651,6.894474765277941,38568.72575494639,0.00975958593493278,,38568.72575494639,0.27669836235244455,,
16.75,-71.24514857173196,6.852376944861034,40334.870681335015,0.009376683069157815,,40334.870681335015,0.2648131955696036,,
16.875,-71.41946677580184,6.810836335770502,42181.89118346415,0.009008389393709557,,42181.89118346415,0.25343194843295824,,
17.0,-71.59156661245196,6.769824371030654,44113.490727937,0.008654934688996594,,44113.490727937,0.2425331805846136,,
17.125,-71.76156553454518,6.729313061232766,46133.54237105995,0.008316450298936979,,46133.54237105995,0.2320964558473428,,
17.25,-71.9295786032252,6.689274986922759,48246.09652471983,0.007992967784482838,,48246.09652471983,0.22210228165944743,,
17.375,-72.09571851812441,6.649683291402556,50455.38907787768,0.007684420448619742,,50455.38907787768,0.21253205159170097,,
17.5,-72.2600956457412,6.61051167396772,52765.84988996271,0.007390647325889994,,52765.84988996271,0.20336799122097288,,
17.625,-72.42281804606965,6.5717343835614495,55182.11167319754,0.007111399196103879,,55182.11167319754,0.1945931075298755,,
17.75,-72.58399149741825,6.533326212860237,57709.01928166397,0.006846346174288218,,57709.01928166397,0.18619114190156938,,
17.875,-72.74371951947336,6.4952624927777665,60351.639425735055,0.006595086443339121,,60351.639425735055,0.17814652668890923,,
18.0,-72.90210339463039,6.457519087381595,63115.27083135204,0.006357155727664464,,63115.27083135204,0.1704443452610192,,
18.125,-73.05924218758548,6.42007238922442,66005.4548645163,0.006132037150350218,,66005.4548645163,0.16307029537008627,,
18.25,-73.21523276325344,6.382899315074163,69027.98664229971,0.005919171168210238,,69027.98664229971,0.15601065563719124,,
18.375,-73.37016980303078,6.3459773020384205,72188.92665265215,0.005717965334093034,,72188.92665265215,0.14925225492768196,,
18.5,-73.52414581944792,6.309284304072828,75494.61290630474,0.005527803690319525,,75494.61290630474,0.14278244437243062,,
18.625,-73.67725116925044,6.272798788863722,78951.67364513518,0.005348055648205325,,78951.67364513518,0.1365890717891792,,
18.75,-73.82957406498008,6.2364997350683655,82567.04063247632,0.005178084254187476,,82567.04063247632,0.13066045826570624,,
18.875,-73.98120058506983,6.200366629909242,86347.96305201648,0.005017253781799196,,86347.96305201648,0.12498537668122482,,
19.0,-74.13221468255054,6.164379467099263,90302.02204316044,0.004864936619963212,,90302.02204316044,0.11955303196188254,,
19.125,-74.28269819240117,6.12851874509016,94437.14590199596,0.0047205194517130206,,94437.14590199596,0.11435304288827139,,
19.25,-74.43273083761628,6.092765465626582,98761.62597834493,0.0045834087338621435,,98761.62597834493,0.10937542529554013,,
19.375,-74.58239023405629,6.057101132590271,103284.13330077511,0.004453035498028234,,103284.13330077511,0.10461057652842769,,
19.5,-74.7317518941365,6.02150775112096,108013.73596290655,0.004328859497739979,,108013.73596290655,0.1000492610330123,,
19.625,-74.88088922944914,5.985967826991506,112959.91730587467,0.004210372726243751,,112959.91730587467,0.0956825969832347,,
19.75,-75.02987355236381,5.950464366226529,118132.59493340722,0.004097102326327862,,118132.59493340722,0.09150204385268981,,
19.875,-75.1787740766992,5.914980874942326,123542.14059764279,0.003988612908290646,,123542.14059764279,0.08749939085047818,,
20.0,-75.32765791754214,5.87950135938998,129199.40099556338,0.0038845082863858183,,129199.40099556338,0.08366674614410848,,
20.125,-75.47659009026913,5.844010326188567,135115.71951774065,0.003784432638912083,,135115.71951774065,0.07999652679287457,,
20.25,-75.6256335088927,5.808492782719172,141302.95899300394,0.0036880710936738675,,141302.95899300394,0.07648144931245168,,
20.375,-75.77484898376085,5.772934237673178,147773.52547463533,0.003595149739729961,,147773.52547463533,0.07311452078657635,,
20.5,-75.92429521874213,5.737320701723019,154540.39311578672,0.003505435068803872,,154540.39311578672,0.06988903043571852,,
20.625,-76.07402880793408,5.701638688306614,161617.13018399404,0.003418732855762796,,161617.13018399404,0.06679854154690473,,
20.75,-76.22410423202149,5.66587521449517,169017.92626695373,0.0033348864971129884,,169017.92626695373,0.0638368836646013,,
20.875,-76.37457385432374,5.630017801935137,176757.6207241092,0.0032537748390459014,,176757.6207241092,0.060998144941058714,,
21.0,-76.52548791666095,5.594054477833307,184851.7324410973,0.003175309541360528,,184851.7324410973,0.05827666454676005,,
21.125,-76.67689453508292,5.557973775974619,193316.49094671433,0.0030994320394243553,,193316.49094671433,0.05566702504830638,,
21.25,-76.82883969558189,5.5217647377438475,202168.86895479533,0.0030261101818430574,,202168.86895479533,0.05316404467247092,,
21.375,-76.98136724984074,5.485416913138784,211426.61639625567,0.002955334635233329,,211426.61639625567,0.05076276939105351,,
21.5,-77.13451891113311,5.448920361747275,221108.2960095334,0.002887115158057379,,221108.2960095334,0.048458464780869556,,
21.625,-77.28833425043297,5.412265653674322,231233.3205607941,0.0028214768517398343,,231233.3205607941,0.04624660763560616,,
21.75,-77.44285069283173,5.375443870395889,241821.99176852946,0.002758456498476351,,241821.99176852946,0.044122877329944916,,
21.875,-77.59810351434604,5.338446605519625,252895.54101059664,0.002698099090950063,,252895.54101059664,0.042083146959717724,,
22.0,-77.75412583919329,5.3012659654341086,264476.17189532047,0.0026404546497889782,,264476.17189532047,0.040123474303374984,,
22.125,-77.91094863761256,5.263894569828133,276587.1047820182,0.0025855754106919124,,276587.1047820182,0.038240092668353355,,
22.25,-78.06860072432985,5.226325552056446,289252.62334021524,0.002533513445783041,,289252.62334021524,0.036429401700026606,,
22.375,-78.227108757716,5.188552559340418,302498.1232409063,0.002484318764252527,,302498.1232409063,0.034687958240240846,,
22.5,-78.38649723974619,5.150569752777684,316350.1630774958,0.002438037917147543,,316350.1630774958,0.033012467326914825,,
22.625,-78.54678851680768,5.112371807149673,330836.51761851617,0.0023947131117040056,,330836.51761851617,0.03139977342624563,,
22.75,-78.70800278144617,5.0739539105054385,345986.2334989038,0.0023543818230982332,,345986.2334989038,0.029846851985571,,
22.875,-78.87015807512594,5.0353117635039055,361829.6874614976,0.002317076876929109,,361829.6874614976,0.028350801389135007,,
23.0,-79.0332702920519,4.99644157850306,378398.6472655419,0.0022828269647770763,,378398.6472655419,0.026908835392409534,,
23.125,-79.19735318414021,4.957340078375439,395726.33538431907,0.002251657548161104,,395726.33538431907,0.025518276105006735,,
23.25,-79.36241836719188,4.918004495036951,413847.4956196361,0.002223592103165311,,413847.4956196361,0.024176547589568435,,
23.375,-79.52847532833322,4.878432567673766,432798.46276672994,0.0021986536587324332,,432798.46276672994,0.02288117014663669,,
23.5,-79.69553143478137,4.838622540653482,452617.23546927935,0.00217686658576105,,452617.23546927935,0.02162975536618164,,
23.625,-79.86359194398894,4.79857316110762,473343.5524106058,0.0021582586012637906,,473343.5524106058,0.0204200020488205,,
23.75,-80.03266001522303,4.7582836761723035,495018.9719938298,0.0021428629615241335,,495018.9719938298,0.019249693138882144,,
23.875,-80.20273672262127,4.7177538298769415,517686.9556707574,0.0021307208301036156,,517686.9556707574,0.01811669387488764,,
24.0,-80.3738210697814,4.676983859667528,541392.9550865723,0.0021218838205433192,,541392.9550865723,0.01701895146237687,,
24.125,-80.54591000591842,4.635974492556288,566184.503215073,0.0021164167297602343,,566184.503215073,0.015954496727870263,,
24.25,-80.71899844361957,4.594726940890642,592111.3096671875,0.0021144004968706043,,592111.3096671875,0.014921448451374091,,
24.375,-80.8930792782554,4.553242897727477,619225.3603638692,0.002115935444309125,,619225.3603638692,0.013918021448571828,,
24.5,-81.06814340905387,4.5115245318111,647581.0217732317,0.002121144885043125,,647581.0217732317,0.012942540068226618,,
24.625,-81.24417976187613,4.4695744821457115,677235.1499209236,0.002130179213554295,,677235.1499209236,0.011993459733783293,,
24.75,-81.42117531371863,4.427395852156468,708247.2043923237,0.0021432206423030974,,708247.2043923237,0.011069400754289879,,
24.875,-81.59911511894184,4.384992203439094,740679.3675551426,0.0021604888043998864,,740679.3675551426,0.01016920133819001,,
25.0,-81.7779823372706,4.342367549087289,774596.6692414834,0.0021822475243348516,,774596.6692414834,0.009292001459350588,,
,,,810067.1171393609,0.002208813172631864,,810067.1171393609,0.008437377660452022,,
,,,847161.8331551341,0.002240565183606164,,847161.8331551341,0.007605564384793757,,
,,,885955.1960202559,0.0022779595534392137,,885955.1960202559,0.0067978266514390675,,
,,,926524.9904283119,0.0023215464885450905,,926524.9904283119,0.006017104942260721,,
,,,968952.5630013399,0.0023719939057910617,,968952.5630013399,0.005269160390908282,,
,,,1013322.9853982129,0.0024301193011887095,,1013322.9853982129,0.004564641701632469,,
,,,1059725.224892072,0.002496933776420982,,1059725.224892072,0.003922764097810745,,
,,,1108252.3227589026,0.002573704039271673,,1108252.3227589026,0.003377221787804635,,
,,,1159001.5808348707,0.0026620414897123436,,1159001.5808348707,0.0029823927026638186,,
,,,1212074.756616558,0.002764032984552932,,1212074.756616558,0.002808185310715599,,
,,,1267578.267295219,0.002882437210889168,,1267578.267295219,0.002905236783122557,,
,,,1325623.403134245,0.0030209869133342605,,1325623.403134245,0.0032646886243558977,,
,,,1386326.5506175985,0.0031848664830886934,,1386326.5506175985,0.0038329447699996483,,
,,,1449809.4258167401,0.003381488285751117,,1449809.4258167401,0.004556855058455474,,
,,,1516199.318443883,0.003621792607040865,,1516199.318443883,0.0054044186410055475,,
,,,1585629.3470810154,0.003922490258117698,,1585629.3470810154,0.0063642814364543564,,
,,,1658238.7260963656,0.004310035680138265,,1658238.7260963656,0.007441283129031715,,
,,,1734173.0447835915,0.004827770358467489,,1734173.0447835915,0.008653668564628656,,
,,,1813584.5592833052,0.0055484916603883595,,1813584.5592833052,0.010030651063903887,,
,,,1896632.497872364,0.006593535993576992,,1896632.497872364,0.01160287382318119,,
,,,1983483.3802329618,0.008142355533491687,,1983483.3802329618,0.013360261541577026,,
,,,2074311.3513417928,0.010322668768294007,,2074311.3513417928,0.015105269210725126,,
,,,2169298.5306486627,0.012654403590318379,,2169298.5306486627,0.0161506137260414,,
,,,2268635.3772447985,0.01350294754420744,,2268635.3772447985,0.01552149548540986,,
,,,2372521.071752938,0.012256902028500608,,2372521.071752938,0.013613707737543584,,
,,,2481163.9157050513,0.010553725306772947,,2481163.9157050513,0.012091805936956367,,
,,,2594781.7492083823,0.009472055997923603,,2594781.7492083823,0.011712115211299787,,
,,,2713602.387737317,0.00910415839199307,,2713602.387737317,0.012257150353310308,,
,,,2837864.0789269414,0.009330174167123687,,2837864.0789269414,0.013340196659240916,,
,,,2967815.9802840785,0.010073382751184096,,2967815.9802840785,0.014676767471113105,,
,,,3103718.658773832,0.011254899549006976,,3103718.658773832,0.016002074376471873,,
,,,3245844.61328318,0.012592197409141545,,3245844.61328318,0.016927691446651294,,
,,,3394478.8210093947,0.013426672389072015,,3394478.8210093947,0.016994447548284008,,
,,,3549919.308868665,0.013197060004002335,,3549919.308868665,0.016166117587798744,,
,,,3712477.751070856,0.012196867031921436,,3712477.751070856,0.0150958301046969,,
,,,3882480.0940583847,0.01111424976581976,,3882480.0940583847,0.01444714968652113,,
,,,4060267.2100625183,0.010302012239544078,,4060267.2100625183,0.014386162263676859,,
,,,4246195.5805872865,0.009797132800806652,,4246195.5805872865,0.014772782195009526,,
,,,4440638.011191738,0.009534024354769008,,4440638.011191738,0.015429789857603201,,
,,,4643984.379003457,0.00944247285223898,,4643984.379003457,0.01623418840618927,,
,,,4856642.414462493,0.009469709462809235,,4856642.414462493,0.017115231918912878,,
,,,5079038.5188628705,0.00957945166498818,,5079038.5188628705,0.018035129020861948,,
,,,5311618.619331236,0.00974712984896624,,5311618.619331236,0.018974425180679964,,
,,,5554849.062956665,0.009955887070535269,,5554849.062956665,0.019923505877818486,,
,,,5809217.551864741,0.01019386585902979,,5809217.551864741,0.020878037901257616,,
,,,6075234.121110557,0.010452477018618234,,6075234.121110557,0.021836575001635126,,
,,,6353432.161351662,0.010725311553843344,,6353432.161351662,0.022799299139363998,,
,,,6644369.48835128,0.011007454947231156,,6644369.48835128,0.023767352892576338,,
,,,6948629.461456517,0.011295050566691866,,6948629.461456517,0.024742481587493127,,
,,,7266822.153293941,0.011585017842891347,,7266822.153293941,0.02572683934152809,,
,,,7599585.57302819,0.011874867377415941,,7599585.57302819,0.026722882547649082,,
,,,7947586.945636123,0.012162577283104095,,7947586.945636123,0.027733310095148914,,
,,,8311524.049761669,0.012446508477463236,,8311524.049761669,0.028761028377970673,,
,,,8692126.616834069,0.012725344867910979,,8692126.616834069,0.029809129168734804,,
,,,9090157.794254545,0.01299804947637355,,9090157.794254545,0.030880873901729167,,
,,,9506415.67558567,0.013263830779492338,,9506415.67558567,0.03197968093857085,,
,,,9941734.90081113,0.013522115612775984,,9941734.90081113,0.03310911409192304,,
,,,1.0396988329875145E7,0.013772526332933526,,1.0396988329875145E7,0.03427287164223259,,
,,,1.0873088792856487E7,0.014014860812631523,,1.0873088792856487E7,0.03547477561794087,,
,,,1.1370990920287136E7,0.01424907441675422,,1.1370990920287136E7,0.03671876139744484,,
,,,1.189169305728476E7,0.014475263480597264,,1.189169305728476E7,0.038008867831610046,,
,,,1.2436239265337834E7,0.014693650044396935,,1.2436239265337834E7,0.039349228137616404,,
,,,1.3005721415756406E7,0.014904567739342338,,1.3005721415756406E7,0.04074406181378562,,
,,,1.3601281378986893E7,0.015108448797974659,,1.3601281378986893E7,0.04219766779291195,,
,,,1.4224113314179895E7,0.015305812197742654,,1.4224113314179895E7,0.043714419002713306,,
,,,1.487546606360265E7,0.015497252955340749,,1.487546606360265E7,0.04529875844575214,,
,,,1.5556645656696366E7,0.015683432581808834,,1.5556645656696366E7,0.04695519685385808,,
,,,1.6269017928800195E7,0.015865070691555863,,1.6269017928800195E7,0.04868831191797554,,
,,,1.7014011259791706E7,0.016042937737479033,,1.7014011259791706E7,0.05050274904622916,,
,,,1.77931194381361E7,0.016217848822454792,,1.77931194381361E7,0.0524032235625625,,
,,,1.8607904656085912E7,0.016390658516668002,,1.8607904656085912E7,0.054394524226431665,,
,,,1.946000064203784E7,0.0165622565915965,,1.946000064203784E7,0.05648151793100593,,
,,,2.03511159363264E7,0.01673356456540905,,2.03511159363264E7,0.05866915542292733,,
,,,2.128303731702384E7,0.016905532941078525,,2.128303731702384E7,0.060962477880414645,,
,,,2.225763338261411E7,0.01707913900741087,,2.225763338261411E7,0.06336662418761671,,
,,,2.3276858298725832E7,0.017255385064085093,,2.3276858298725832E7,0.06588683875083327,,
,,,2.434275571643584E7,0.01743529692429832,,2.434275571643584E7,0.06852847971567012,,
,,,2.545746287000018E7,0.017619922542383457,,2.545746287000018E7,0.0712970274626326,,
,,,2.66232148622296E7,0.017810330608586784,,2.66232148622296E7,0.07419809328140886,,
,,,2.7842349146100778E7,0.018007608948982314,,2.7842349146100778E7,0.07723742815062486,,
,,,2.9117310211591028E7,0.01821286256536063,,2.9117310211591028E7,0.08042093157979667,,
,,,3.045065448713244E7,0.01842721114816249,,3.045065448713244E7,0.08375466050328313,,
,,,3.1845055465514947E7,0.018651785895645787,,3.1845055465514947E7,0.08724483825212509,,
,,,3.3303309064514637E7,0.018887725475207666,,3.3303309064514637E7,0.09089786366860039,,
,,,3.48283392329978E7,0.01913617096907599,,3.48283392329978E7,0.09472032047002964,,
,,,3.6423203813739374E7,0.019398259657565538,,3.6423203813739374E7,0.0987189870125585,,
,,,3.809110067471375E7,0.019675117510055514,,3.809110067471375E7,0.10290084665193469,,
,,,3.9835374121149175E7,0.019967850278160885,,3.9835374121149175E7,0.10727309894591905,,
,,,4.165952160120533E7,0.020277533118627258,,4.165952160120533E7,0.11184317199086169,,
,,,4.356720071871697E7,0.020605198716535374,,4.356720071871697E7,0.11661873623149019,,
,,,4.556223656706752E7,0.020951823933445936,,4.556223656706752E7,0.12160772012600796,,
,,,4.7648629398895085E7,0.02131831507065958,,4.7648629398895085E7,0.12681832808540988,,
,,,4.9830562647012316E7,0.0217054919146454,,4.9830562647012316E7,0.13225906113324284,,
,,,5.21124113126199E7,0.022114070818806942,,5.21124113126199E7,0.13793874074603996,,
,,,5.449875073763604E7,0.022544647170884197,,5.449875073763604E7,0.1438665363313012,,
,,,5.6994365778727934E7,0.02299767769487505,,5.6994365778727934E7,0.1500519967750037,,
,,,5.960426040144389E7,0.02347346313542817,,5.960426040144389E7,0.15650508644047734,,
,,,6.233366771367934E7,0.023972131964836003,,6.233366771367934E7,0.16323622592207349,,
,,,6.518806045859894E7,0.02449362583046165,,6.518806045859894E7,0.17025633774886928,,
,,,6.817316198804997E7,0.025037687515277476,,6.817316198804997E7,0.17757689709603683,,
,,,7.129495773847401E7,0.025603852207595718,,7.129495773847401E7,0.18520998739739852,,
,,,7.455970723232402E7,0.026191442860077234,,7.455970723232402E7,0.19316836056783157,,
,,,7.797395662905186E7,0.02679957035637462,,7.797395662905186E7,0.20146550134747723,,
,,,8.154455185083437E7,0.027427139092598946,,8.154455185083437E7,0.21011569508289532,,
,,,8.52786523093519E7,0.028072858420111677,,8.52786523093519E7,0.21913409807749998,,
,,,8.918374526114874E7,0.02873526019019804,,8.918374526114874E7,0.22853680949036967,,
,,,9.326766082035308E7,0.029412722398916697,,9.326766082035308E7,0.23834094365429914,,
,,,9.7538587658865E7,0.030103498665295967,,9.7538587658865E7,0.24856470163475383,,
,,,1.0200508942548662E8,0.030805753005207437,,1.0200508942548662E8,0.25922744087169236,,
,,,1.0667612191692284E8,0.031517599106196316,,1.0667612191692284E8,0.2703497418418273,,
,,,1.1156105103507555E8,0.03223714308526665,,1.1156105103507555E8,0.2819534708493059,,
,,,1.1666967156664492E8,0.032962528540515484,,1.1666967156664492E8,0.2940618382911518,,
,,,1.2201222682268488E8,0.03369198260330776,,1.2201222682268488E8,0.30669945203663534,,
,,,1.275994291775004E8,0.034423861669742914,,1.275994291775004E8,0.31989236588850495,,
,,,1.3344248154806052E8,0.03515669554130616,,1.3344248154806052E8,0.3336681234363899,,
,,,1.3955309985700467E8,0.035889228830811054,,1.3955309985700467E8,0.3480557979453233,,
,,,1.4594353652427363E8,0.03662045868063422,,1.4594353652427363E8,0.36308602922278005,,
,,,1.5262660503447735E8,0.037349668080354524,,1.5262660503447735E8,0.37879105865716506,,
,,,1.5961570562925106E8,0.03807645434146944,,1.5961570562925106E8,0.395204763805559,,
,,,1.669248521761238E8,0.03880075256794129,,1.669248521761238E8,0.41236269402162395,,
,,,1.7456870026776624E8,0.039522854233856285,,1.7456870026776624E8,0.430302108655143,,
,,,1.8256257660796762E8,0.04024342122706126,,1.8256257660796762E8,0.44906201932844514,,
,,,1.9092250974325508E8,0.040963495927779515,,1.9092250974325508E8,0.46868323771232223,,
,,,1.996652622017855E8,0.04168450805601707,,1.996652622017855E8,0.4892084300993205,,
,,,2.088083641039402E8,0.042408279137833585,,2.088083641039402E8,0.510682179921073,,
,,,2.1837014831202695E8,0.04313702550932279,,2.1837014831202695E8,0.5331510591948991,,
,,,2.2836978718955886E8,0.04387336080293503,,2.2836978718955886E8,0.5566637097278173,,
,,,2.3882733104381898E8,0.04462029885059024,,2.3882733104381898E8,0.5812709347661229,,
,,,2.4976374832879743E8,0.045381257900329715,,2.4976374832879743E8,0.607025801665549,,
,,,2.6120096768910077E8,0.04616006698700865,,2.6120096768910077E8,0.6339837560775404,,
,,,2.731619219291499E8,0.0469609752314434,,2.731619219291499E8,0.66220274810562,,
,,,2.8567059399581397E8,0.04778866477436399,,2.8567059399581397E8,0.6917433708836968,,
,,,2.987520650666968E8,0.04864826798818108,,2.987520650666968E8,0.722669012065687,,
,,,3.124325648404804E8,0.04954538955632851,,3.124325648404804E8,0.7550460187914233,,
,,,3.267395241301802E8,0.05048613397087401,,3.267395241301802E8,0.7889438768059722,,
,,,3.4170162986475027E8,0.05147713897711897,,3.4170162986475027E8,0.8244354045559436,,
,,,3.573488826093389E8,0.05252561549102521,,3.573488826093389E8,0.8615969632659279,,
,,,3.737126567195109E8,0.05363939453281507,,3.737126567195109E8,0.900508684209701,,
,,,3.908257632500721E8,0.05482698175889571,,3.908257632500721E8,0.9412547146348988,,
,,,4.0872251574461204E8,0.05609762023509597,,4.0872251574461204E8,0.983923484077421,,
,,,4.2743879903770435E8,0.057461362177931255,,4.2743879903770435E8,1.0286079931161232,,
,,,4.4701214120769453E8,0.05892915049837403,,4.4701214120769453E8,1.075406126973122,,
,,,4.6748178882437414E8,0.06051291111609681,,4.6748178882437414E8,1.124420996766558,,
,,,4.888887856423943E8,0.062225657173752176,,4.888887856423943E8,1.1757613116779642,,
,,,5.1127605489823437E8,0.06408160647387011,,5.1127605489823437E8,1.2295417858154774,,
,,,5.3468848537570965E8,0.06609631368978801,,5.3468848537570965E8,1.2858835841479324,,
,,,5.591730214126214E8,0.06828681917244725,,5.591730214126214E8,1.3449148125681598,,
,,,5.847787570289874E8,0.07067181649425563,,5.847787570289874E8,1.406771057932731,,
,,,6.115570343656238E8,0.0732718412488822,,6.115570343656238E8,1.4715959848410307,,
,,,6.395615466304238E8,0.07610948407353149,,6.395615466304238E8,1.5395419969826036,,
,,,6.688484457587857E8,0.07920963139263289,,6.688484457587857E8,1.6107709721284034,,
,,,6.99476455004031E8,0.08259973801727115,,6.99476455004031E8,1.6854550813036773,,
,,,7.315069866835799E8,0.08631013649595884,,7.315069866835799E8,1.7637777044014844,,
,,,7.650042653169916E8,0.09037438902808607,,7.650042653169916E8,1.845934456528417,,
,,,8.000354564027369E8,0.09482968885738181,,8.000354564027369E8,1.9321343417818875,,
,,,8.366708010919645E8,0.09971731940403927,,8.366708010919645E8,2.022601054020683,,
,,,8.749837570292381E8,0.10508318102755342,,8.749837570292381E8,2.117574447603319,,
,,,9.150511456427056E8,0.11097839730981561,,9.150511456427056E8,2.217312205153304,,
,,,9.569533061789703E8,0.11746001520113525,,9.569533061789703E8,2.3220917343147676,,
,,,1.0007742567915817E9,0.12459181639778116,,1.0007742567915817E9,2.432212331373979,,
,,,1.0466018630060828E9,0.13244526106878632,,1.0466018630060828E9,2.547997656775051,,
,,,1.0945280138994675E9,0.14110058971662273,,1.0945280138994675E9,2.6697985762486867,,
,,,1.1446488063472402E9,0.15064811479341306,,1.1446488063472402E9,2.797996431874869,,
,,,1.1970647377075796E9,0.16118974103164954,,1.1970647377075796E9,2.933006820393675,,
,,,1.25188090732889E9,0.172840762719586,,1.25188090732889E9,3.07528397207477,,
,,,1.3092072272848508E9,0.18573199793035958,,1.3092072272848508E9,3.2253258432478025,,
,,,1.3691586427594435E9,0.20001233476433075,,1.3691586427594435E9,3.3836800602073462,,
,,,1.4318553625239196E9,0.21585178401045674,,1.4318553625239196E9,3.55095088297758,,
,,,1.497423099967763E9,0.233445157657939,,1.497423099967763E9,3.727807396110879,,
,,,1.565993325167025E9,0.25301652527651525,,1.565993325167025E9,3.914993182628808,,
,,,1.6377035284953642E9,0.27482464301482795,,1.6377035284953642E9,4.113337799490133,,
,,,1.712697496306447E9,0.2991696064137793,,1.712697496306447E9,4.323770452747557,,
,,,1.7911255992403932E9,0.3264010533812382,,1.7911255992403932E9,4.5473363734525964,,
,,,1.8731450937324457E9,0.3569283445496504,,1.8731450937324457E9,4.785216529052274,,
,,,1.9589204373283114E9,0.39123328483088265,,1.9589204373283114E9,5.0387514800280435,,
,,,2.0486236184385302E9,0.4298861366571389,,2.0486236184385302E9,5.309470422479932,,
,,,2.142434501192965E9,0.4735659330294982,,2.142434501192965E9,5.599126764733982,,
,,,2.2405411860869184E9,0.5230864577850382,,2.2405411860869184E9,5.909741998823053,,
,,,2.343140387142058E9,0.5794297671411172,,2.343140387142058E9,6.243660187278539,,
,,,2.450437826338281E9,0.6437898495176663,,2.450437826338281E9,6.603616151949535,,
,,,2.5626486461075397E9,0.7176300653211369,,2.5626486461075397E9,6.992821512105976,,
,,,2.679997840716567E9,0.8027595385009251,,2.679997840716567E9,7.415074203528265,,
,,,2.8027207074036303E9,0.9014359454675854,,2.8027207074036303E9,7.874899213065825,,
,,,2.9310633181737137E9,1.0165055785861712,,2.9310633181737137E9,8.377731279763626,,
,,,3.065283013198317E9,1.1515968274169446,,3.065283013198317E9,8.930154699545529,,
,,,3.205648916808991E9,1.3113914474564614,,3.205648916808991E9,9.540221837619262,,
,,,3.3524424771194315E9,1.5020110871819765,,3.3524424771194315E9,10.217881630574505,,
,,,3.5059580303579197E9,1.731577843028585,,3.5059580303579197E9,10.975564065312943,,
,,,3.666503391041871E9,2.011043012541491,,3.666503391041871E9,11.828989315318958,,
,,,3.8344004691776366E9,2.3554384594032096,,3.8344004691776366E9,12.798305772402946,,
,,,4.009985915723325E9,2.7858101104153827,,4.009985915723325E9,13.909717704212824,,
,,,4.1936117976086297E9,3.332281280533914,,4.1936117976086297E9,15.197853964979203,,
,,,4.3856463036654005E9,4.039039215135712,,4.3856463036654005E9,16.709275214597266,,
,,,4.586474482884159E9,4.972688440271201,,4.586474482884159E9,18.507748831246236,,
,,,4.796499016477109E9,6.23665774322271,,4.796499016477109E9,20.682267638960994,,
,,,5.01614102529542E9,7.996718321734542,,5.01614102529542E9,23.359212450487554,,
,,,5.245840914220046E9,10.52693928911315,,5.245840914220046E9,26.720139305758686,,
,,,5.48605925521886E9,14.291279417551783,,5.48605925521886E9,31.024260058099806,,
,,,5.737277710841023E9,20.07244116192961,,5.737277710841023E9,36.620366031538154,,
,,,6.0E9,29.070185952660587,,6.0E9,43.86975027199189,,
